{
  "Paris": [
    [48,81783, 2,40700],
    [48,88584, 2,34505],
    [48,84927, 2,35691]
  ],
  "Athenes": [
    [37.9974647, 23.7368407]
  ],
  "Berlin": [
    [52.49483162160716, 13.446911212224357]
  ]
}
